<?xml version="1.0" encoding="UTF-8"?>
<project-private xmlns="http://www.netbeans.org/ns/project-private/1">
    <editor-bookmarks xmlns="http://www.netbeans.org/ns/editor-bookmarks/2" lastBookmarkId="0"/>
    <open-files xmlns="http://www.netbeans.org/ns/projectui-open-files/2">
        <group>
            <file>file:/C:/Users/siyab/Documents/School/2nd%20year/Semester%202%20(2022)/Dev%20Software/Assignment/218081642%20S%20Biyo/UNIT2_ASSIGNMENTS_218081642/src/vut/question5.java</file>
            <file>file:/C:/Users/siyab/Documents/School/2nd%20year/Semester%202%20(2022)/Dev%20Software/Assignment/218081642%20S%20Biyo/UNIT2_ASSIGNMENTS_218081642/src/vut/question2.java</file>
            <file>file:/C:/Users/siyab/Documents/School/2nd%20year/Semester%202%20(2022)/Dev%20Software/Assignment/218081642%20S%20Biyo/UNIT2_ASSIGNMENTS_218081642/src/vut/question1.java</file>
            <file>file:/C:/Users/siyab/Documents/School/2nd%20year/Semester%202%20(2022)/Dev%20Software/Assignment/218081642%20S%20Biyo/UNIT2_ASSIGNMENTS_218081642/src/vut/question3.java</file>
            <file>file:/C:/Users/siyab/Documents/School/2nd%20year/Semester%202%20(2022)/Dev%20Software/Assignment/218081642%20S%20Biyo/UNIT2_ASSIGNMENTS_218081642/src/vut/gui/StudentForm.java</file>
            <file>file:/C:/Users/siyab/Documents/School/2nd%20year/Semester%202%20(2022)/Dev%20Software/Assignment/218081642%20S%20Biyo/UNIT2_ASSIGNMENTS_218081642/src/vut/question4.java</file>
            <file>file:/C:/Users/siyab/Documents/School/2nd%20year/Semester%202%20(2022)/Dev%20Software/Assignment/218081642%20S%20Biyo/UNIT2_ASSIGNMENTS_218081642/src/vut/question6/Student.java</file>
        </group>
    </open-files>
</project-private>
